"interaction_id","appointment_id","agent_id","client_id","interaction_datetime"
1,1,5,18,"2018-01-17 05:10:24"
2,1,5,4,"2018-01-17 05:10:24"
3,2,12,9,"2018-01-27 04:17:59"
4,2,12,14,"2018-01-27 04:17:59"
5,2,7,9,"2018-01-27 04:17:59"
6,2,7,14,"2018-01-27 04:17:59"
7,3,19,11,"2018-02-05 14:45:38"
8,4,4,20,"2018-02-05 18:15:57"
9,5,6,9,"2018-03-06 17:28:59"
10,6,13,6,"2018-03-07 13:25:39"
11,6,7,6,"2018-03-07 13:25:39"
12,7,12,12,"2018-03-09 13:46:01"
13,7,12,5,"2018-03-09 13:46:01"
14,7,6,12,"2018-03-09 13:46:01"
15,7,6,5,"2018-03-09 13:46:01"
16,8,3,20,"2018-03-29 13:11:24"
17,8,15,20,"2018-03-29 13:11:24"
18,9,5,16,"2018-03-31 23:05:05"
19,9,5,20,"2018-03-31 23:05:05"
20,10,12,7,"2018-04-17 02:33:40"
21,11,8,6,"2018-04-19 06:16:51"
22,11,8,3,"2018-04-19 06:16:51"
23,12,12,6,"2018-04-23 06:03:27"
24,13,14,7,"2018-04-23 10:28:54"
25,14,12,17,"2018-04-23 19:34:27"
26,14,12,14,"2018-04-23 19:34:27"
27,14,13,17,"2018-04-23 19:34:27"
28,14,13,14,"2018-04-23 19:34:27"
29,15,3,19,"2018-04-26 16:15:30"
30,16,3,18,"2018-05-05 06:31:18"
31,17,9,16,"2018-05-06 03:26:05"
32,18,4,9,"2018-05-16 09:43:11"
33,18,4,4,"2018-05-16 09:43:11"
34,19,3,11,"2018-05-19 06:06:33"
35,20,11,10,"2018-05-21 03:21:43"
36,21,5,15,"2018-05-25 11:09:14"
37,21,5,1,"2018-05-25 11:09:14"
38,22,19,11,"2018-06-02 05:03:48"
39,22,6,11,"2018-06-02 05:03:48"
40,23,6,5,"2018-06-30 10:22:49"
41,24,18,17,"2018-07-04 08:56:47"
42,24,18,14,"2018-07-04 08:56:47"
43,25,17,15,"2018-07-24 16:47:45"
44,25,17,12,"2018-07-24 16:47:45"
45,26,20,5,"2018-07-27 04:37:53"
46,27,9,12,"2018-08-05 17:11:54"
47,27,15,12,"2018-08-05 17:11:54"
48,28,6,19,"2018-08-10 10:12:09"
49,29,2,16,"2018-08-16 23:15:59"
50,29,8,16,"2018-08-16 23:15:59"
51,30,13,18,"2018-08-19 18:32:20"
52,30,13,7,"2018-08-19 18:32:20"
53,31,20,13,"2018-08-27 10:11:18"
54,32,10,17,"2018-09-06 04:07:04"
55,33,12,6,"2018-09-07 04:26:51"
56,33,7,6,"2018-09-07 04:26:51"
57,34,18,19,"2018-09-16 00:33:33"
58,34,18,15,"2018-09-16 00:33:33"
59,35,5,19,"2018-09-19 20:46:00"
60,35,5,10,"2018-09-19 20:46:00"
61,35,11,19,"2018-09-19 20:46:00"
62,35,11,10,"2018-09-19 20:46:00"
63,36,12,15,"2018-10-04 09:24:20"
64,37,20,7,"2018-10-10 22:26:07"
65,37,20,6,"2018-10-10 22:26:07"
66,38,1,1,"2018-10-13 14:56:13"
67,39,20,13,"2018-10-22 09:40:34"
68,40,17,10,"2018-10-25 06:46:49"
69,41,6,7,"2018-11-07 05:00:54"
70,41,6,4,"2018-11-07 05:00:54"
71,42,17,10,"2018-11-12 06:54:52"
72,43,1,4,"2018-11-13 19:58:38"
73,44,14,8,"2018-11-26 05:26:21"
74,45,16,5,"2018-12-09 00:36:15"
75,45,10,5,"2018-12-09 00:36:15"
76,46,19,19,"2018-12-14 08:12:03"
77,46,19,5,"2018-12-14 08:12:03"
78,47,15,5,"2018-12-14 12:56:31"
79,48,3,13,"2018-12-17 15:05:16"
80,49,2,17,"2018-12-25 09:04:17"
81,49,8,17,"2018-12-25 09:04:17"
82,50,9,9,"2018-12-30 10:10:51"
83,50,9,11,"2018-12-30 10:10:51"
84,50,17,9,"2018-12-30 10:10:51"
85,50,17,11,"2018-12-30 10:10:51"
86,51,2,16,"2019-01-03 03:54:00"
87,51,20,16,"2019-01-03 03:54:00"
88,52,9,9,"2019-01-03 04:58:10"
89,52,9,13,"2019-01-03 04:58:10"
90,53,16,11,"2019-01-05 00:26:01"
91,54,9,20,"2019-01-05 10:24:19"
92,54,17,20,"2019-01-05 10:24:19"
93,55,10,7,"2019-01-06 02:29:09"
94,56,9,11,"2019-01-09 03:11:42"
95,56,15,11,"2019-01-09 03:11:42"
96,57,2,2,"2019-01-18 04:46:17"
97,58,19,17,"2019-01-20 13:46:41"
98,59,2,13,"2019-01-29 16:23:17"
99,60,8,19,"2019-02-08 18:05:39"
100,61,10,17,"2019-02-16 00:12:50"
101,61,10,14,"2019-02-16 00:12:50"
102,61,20,17,"2019-02-16 00:12:50"
103,61,20,14,"2019-02-16 00:12:50"
104,62,14,4,"2019-02-20 23:24:16"
105,62,8,4,"2019-02-20 23:24:16"
106,63,10,1,"2019-03-04 10:44:05"
107,64,3,19,"2019-03-14 08:55:50"
108,64,3,2,"2019-03-14 08:55:50"
109,65,3,2,"2019-03-16 11:46:00"
110,66,16,9,"2019-03-26 10:54:44"
111,67,11,8,"2019-03-28 11:03:58"
112,67,15,8,"2019-03-28 11:03:58"
113,68,18,4,"2019-03-31 21:44:16"
114,69,5,10,"2019-04-09 00:44:19"
115,69,5,6,"2019-04-09 00:44:19"
116,70,17,16,"2019-04-11 14:07:28"
117,70,15,16,"2019-04-11 14:07:28"
118,71,3,8,"2019-04-27 20:51:14"
119,72,1,1,"2019-04-28 07:08:20"
120,72,1,5,"2019-04-28 07:08:20"
121,73,1,10,"2019-05-02 14:55:41"
122,73,1,5,"2019-05-02 14:55:41"
123,73,7,10,"2019-05-02 14:55:41"
124,73,7,5,"2019-05-02 14:55:41"
125,74,6,9,"2019-05-07 23:33:50"
126,74,6,4,"2019-05-07 23:33:50"
127,75,1,6,"2019-05-17 13:11:12"
128,75,1,11,"2019-05-17 13:11:12"
129,75,6,6,"2019-05-17 13:11:12"
130,75,6,11,"2019-05-17 13:11:12"
131,76,4,6,"2019-05-30 12:41:58"
132,76,8,6,"2019-05-30 12:41:58"
133,77,14,9,"2019-06-10 21:16:05"
134,78,15,12,"2019-06-24 06:37:00"
135,79,16,6,"2019-06-25 17:08:48"
136,79,16,11,"2019-06-25 17:08:48"
137,79,20,6,"2019-06-25 17:08:48"
138,79,20,11,"2019-06-25 17:08:48"
139,80,8,4,"2019-07-02 13:55:18"
140,81,20,1,"2019-07-05 23:57:45"
141,82,4,13,"2019-07-07 21:05:42"
142,82,4,14,"2019-07-07 21:05:42"
143,83,18,5,"2019-07-16 06:04:38"
144,83,7,5,"2019-07-16 06:04:38"
145,84,10,10,"2019-07-16 23:53:40"
146,84,20,10,"2019-07-16 23:53:40"
147,85,16,13,"2019-07-21 21:15:31"
148,86,12,13,"2019-07-27 05:47:30"
149,86,12,6,"2019-07-27 05:47:30"
150,87,9,13,"2019-08-14 19:48:12"
151,88,2,6,"2019-08-17 10:15:13"
152,88,4,6,"2019-08-17 10:15:13"
153,89,16,1,"2019-08-26 13:57:45"
154,89,16,11,"2019-08-26 13:57:45"
155,89,10,1,"2019-08-26 13:57:45"
156,89,10,11,"2019-08-26 13:57:45"
157,90,9,5,"2019-08-30 08:38:58"
158,91,2,15,"2019-08-30 22:04:50"
159,91,2,5,"2019-08-30 22:04:50"
160,91,14,15,"2019-08-30 22:04:50"
161,91,14,5,"2019-08-30 22:04:50"
162,92,4,20,"2019-09-02 05:05:15"
163,93,11,4,"2019-09-06 09:15:01"
164,94,17,5,"2019-09-06 10:22:51"
165,94,15,5,"2019-09-06 10:22:51"
166,95,7,20,"2019-09-20 02:26:09"
167,95,6,20,"2019-09-20 02:26:09"
168,96,16,11,"2019-10-07 13:33:56"
169,97,7,12,"2019-10-08 05:25:41"
170,97,7,4,"2019-10-08 05:25:41"
171,98,2,6,"2019-10-25 19:08:38"
172,98,8,6,"2019-10-25 19:08:38"
173,99,6,13,"2019-10-26 09:29:52"
174,99,6,1,"2019-10-26 09:29:52"
175,100,10,15,"2019-10-29 23:04:59"
176,100,10,3,"2019-10-29 23:04:59"
177,101,12,18,"2019-11-03 05:57:40"
178,101,12,17,"2019-11-03 05:57:40"
179,102,2,16,"2019-11-06 05:13:48"
180,102,10,16,"2019-11-06 05:13:48"
181,103,18,14,"2019-11-06 17:25:20"
182,104,16,11,"2019-11-07 13:46:50"
183,105,10,12,"2019-11-14 12:10:19"
184,105,10,6,"2019-11-14 12:10:19"
185,106,2,13,"2019-12-11 06:08:09"
186,106,8,13,"2019-12-11 06:08:09"
187,107,19,17,"2019-12-12 02:41:48"
188,108,2,19,"2020-01-02 05:08:03"
189,108,2,5,"2020-01-02 05:08:03"
190,109,11,16,"2020-01-02 10:35:49"
191,110,9,12,"2020-01-10 14:34:08"
192,111,16,11,"2020-01-11 14:17:00"
193,111,8,11,"2020-01-11 14:17:00"
194,112,16,2,"2020-02-05 22:21:00"
195,112,16,20,"2020-02-05 22:21:00"
196,112,10,2,"2020-02-05 22:21:00"
197,112,10,20,"2020-02-05 22:21:00"
198,113,18,5,"2020-02-05 23:43:12"
199,114,8,1,"2020-02-14 15:54:27"
200,115,7,2,"2020-02-20 01:05:41"
201,116,3,4,"2020-02-28 15:20:49"
202,116,3,3,"2020-02-28 15:20:49"
203,117,12,9,"2020-03-23 07:20:38"
204,117,13,9,"2020-03-23 07:20:38"
205,118,10,6,"2020-04-06 17:55:20"
206,119,5,19,"2020-04-10 15:52:19"
207,119,5,5,"2020-04-10 15:52:19"
208,119,11,19,"2020-04-10 15:52:19"
209,119,11,5,"2020-04-10 15:52:19"
210,120,9,19,"2020-04-10 22:12:41"
211,121,2,19,"2020-04-19 15:22:21"
212,122,10,9,"2020-05-02 15:12:03"
213,122,10,15,"2020-05-02 15:12:03"
214,123,19,16,"2020-05-04 04:37:46"
215,123,19,7,"2020-05-04 04:37:46"
216,124,4,8,"2020-05-09 11:07:33"
217,125,15,11,"2020-06-08 04:04:42"
218,126,5,9,"2020-06-13 19:32:09"
219,127,16,4,"2020-06-14 02:24:25"
220,127,16,6,"2020-06-14 02:24:25"
221,127,14,4,"2020-06-14 02:24:25"
222,127,14,6,"2020-06-14 02:24:25"
223,128,3,10,"2020-06-19 16:57:46"
224,129,7,10,"2020-07-02 06:20:33"
225,129,7,3,"2020-07-02 06:20:33"
226,130,9,20,"2020-07-15 08:23:12"
227,130,9,18,"2020-07-15 08:23:12"
228,131,20,4,"2020-07-22 22:48:01"
229,131,20,1,"2020-07-22 22:48:01"
230,132,16,1,"2020-08-07 12:36:21"
231,132,16,11,"2020-08-07 12:36:21"
232,133,10,7,"2020-08-18 22:39:57"
233,134,17,4,"2020-08-20 00:47:45"
234,134,17,8,"2020-08-20 00:47:45"
235,135,12,8,"2020-08-31 08:12:46"
236,136,4,9,"2020-09-16 10:48:14"
237,137,11,1,"2020-09-17 06:24:56"
238,137,15,1,"2020-09-17 06:24:56"
239,138,17,10,"2020-09-23 14:42:00"
240,139,10,11,"2020-10-16 12:22:40"
241,140,14,12,"2020-10-25 03:33:16"
242,140,8,12,"2020-10-25 03:33:16"
243,141,18,9,"2020-10-31 08:51:50"
244,142,15,18,"2020-11-15 14:45:01"
245,143,10,11,"2020-11-19 10:01:04"
246,143,20,11,"2020-11-19 10:01:04"
247,144,15,12,"2020-11-22 02:20:14"
248,145,19,5,"2020-11-26 01:03:24"
249,145,19,14,"2020-11-26 01:03:24"
250,145,6,5,"2020-11-26 01:03:24"
251,145,6,14,"2020-11-26 01:03:24"
252,146,10,10,"2020-12-04 10:22:00"
253,146,20,10,"2020-12-04 10:22:00"
254,147,1,12,"2020-12-13 06:26:49"
255,147,1,13,"2020-12-13 06:26:49"
256,147,19,12,"2020-12-13 06:26:49"
257,147,19,13,"2020-12-13 06:26:49"
258,148,11,4,"2020-12-16 18:53:00"
259,149,10,12,"2020-12-22 06:37:23"
260,149,10,11,"2020-12-22 06:37:23"
261,149,8,12,"2020-12-22 06:37:23"
262,149,8,11,"2020-12-22 06:37:23"
263,150,16,16,"2020-12-22 10:39:00"
264,150,2,16,"2020-12-22 10:39:00"
265,151,5,8,"2021-01-03 02:01:22"
266,152,15,18,"2021-01-08 13:05:32"
267,152,15,10,"2021-01-08 13:05:32"
268,153,14,9,"2021-01-12 16:19:37"
269,154,5,8,"2021-01-13 15:45:07"
270,154,9,8,"2021-01-13 15:45:07"
271,155,7,19,"2021-01-14 22:29:20"
272,155,7,4,"2021-01-14 22:29:20"
273,156,19,5,"2021-01-16 00:50:19"
274,157,14,3,"2021-02-02 12:59:05"
275,158,4,18,"2021-02-05 18:11:43"
276,159,19,5,"2021-02-07 20:11:59"
277,159,19,3,"2021-02-07 20:11:59"
278,159,13,5,"2021-02-07 20:11:59"
279,159,13,3,"2021-02-07 20:11:59"
280,160,14,5,"2021-02-13 08:35:30"
281,161,10,4,"2021-02-18 03:33:02"
282,161,4,4,"2021-02-18 03:33:02"
283,162,9,4,"2021-02-19 21:01:10"
284,162,17,4,"2021-02-19 21:01:10"
285,163,6,4,"2021-02-21 10:31:36"
286,164,8,20,"2021-02-23 11:57:45"
287,164,8,11,"2021-02-23 11:57:45"
288,165,5,20,"2021-02-25 09:16:32"
289,166,12,8,"2021-02-25 18:23:54"
290,166,6,8,"2021-02-25 18:23:54"
291,167,9,9,"2021-02-26 22:42:41"
292,168,5,19,"2021-03-04 08:44:30"
293,169,11,11,"2021-03-17 10:21:13"
294,169,9,11,"2021-03-17 10:21:13"
295,170,13,8,"2021-04-01 22:35:55"
296,170,13,3,"2021-04-01 22:35:55"
297,171,8,19,"2021-04-13 06:49:42"
298,172,19,4,"2021-04-21 03:42:36"
299,172,6,4,"2021-04-21 03:42:36"
300,173,14,12,"2021-04-29 21:48:28"
301,173,14,3,"2021-04-29 21:48:28"
302,173,8,12,"2021-04-29 21:48:28"
303,173,8,3,"2021-04-29 21:48:28"
304,174,19,9,"2021-05-13 17:53:23"
305,174,6,9,"2021-05-13 17:53:23"
306,175,3,9,"2021-05-19 05:37:09"
307,175,3,17,"2021-05-19 05:37:09"
308,176,16,1,"2021-05-24 15:12:57"
309,177,1,4,"2021-06-01 03:32:07"
310,177,1,11,"2021-06-01 03:32:07"
311,178,1,5,"2021-06-06 19:00:15"
312,178,12,5,"2021-06-06 19:00:15"
313,179,10,9,"2021-06-11 22:16:01"
314,179,10,11,"2021-06-11 22:16:01"
315,179,8,9,"2021-06-11 22:16:01"
316,179,8,11,"2021-06-11 22:16:01"
317,180,16,1,"2021-06-23 15:55:02"
318,181,12,18,"2021-06-25 12:37:40"
319,181,12,4,"2021-06-25 12:37:40"
320,182,1,3,"2021-07-07 20:40:32"
321,183,13,12,"2021-07-12 13:32:08"
322,184,18,9,"2021-07-14 23:04:20"
323,184,18,3,"2021-07-14 23:04:20"
324,184,7,9,"2021-07-14 23:04:20"
325,184,7,3,"2021-07-14 23:04:20"
326,185,19,6,"2021-07-16 05:34:06"
327,186,11,3,"2021-07-16 10:30:02"
328,187,7,4,"2021-07-22 11:27:48"
329,188,19,18,"2021-07-24 22:17:46"
330,189,1,10,"2021-07-27 03:04:21"
331,189,1,11,"2021-07-27 03:04:21"
332,190,2,2,"2021-07-28 02:29:43"
333,190,2,7,"2021-07-28 02:29:43"
334,191,12,7,"2021-08-05 03:28:57"
335,192,18,4,"2021-08-17 04:28:34"
336,193,2,3,"2021-08-22 07:36:01"
337,194,13,1,"2021-08-22 09:52:52"
338,195,11,4,"2021-08-27 15:52:43"
339,195,11,6,"2021-08-27 15:52:43"
340,195,15,4,"2021-08-27 15:52:43"
341,195,15,6,"2021-08-27 15:52:43"
342,196,4,9,"2021-08-28 05:42:31"
343,197,15,9,"2021-09-12 02:58:53"
344,197,15,2,"2021-09-12 02:58:53"
345,198,1,18,"2021-09-18 02:45:06"
346,199,16,13,"2021-09-19 17:10:24"
347,200,1,19,"2021-09-29 13:22:56"
348,200,12,19,"2021-09-29 13:22:56"
349,201,13,6,"2021-10-05 22:08:30"
350,202,1,19,"2021-10-06 15:39:00"
351,202,6,19,"2021-10-06 15:39:00"
352,203,19,12,"2021-10-13 12:02:11"
353,204,1,6,"2021-10-14 05:22:55"
354,205,6,19,"2021-10-17 07:15:51"
355,206,8,9,"2021-10-27 22:58:51"
356,207,11,17,"2021-10-29 02:11:34"
357,207,11,14,"2021-10-29 02:11:34"
358,207,3,17,"2021-10-29 02:11:34"
359,207,3,14,"2021-10-29 02:11:34"
360,208,14,1,"2021-11-13 04:08:14"
361,208,8,1,"2021-11-13 04:08:14"
362,209,18,16,"2021-11-16 14:42:58"
363,209,6,16,"2021-11-16 14:42:58"
364,210,10,20,"2021-11-18 09:45:54"
365,211,18,5,"2021-11-19 05:50:03"
366,212,16,18,"2021-11-20 02:35:38"
367,213,19,17,"2021-11-24 19:39:42"
368,213,19,11,"2021-11-24 19:39:42"
369,214,14,7,"2021-12-01 03:30:25"
370,215,18,1,"2021-12-04 05:36:48"
371,215,13,1,"2021-12-04 05:36:48"
372,216,18,15,"2021-12-07 18:57:33"
373,216,7,15,"2021-12-07 18:57:33"
374,217,16,1,"2021-12-19 14:12:19"
375,217,8,1,"2021-12-19 14:12:19"
376,218,11,8,"2021-12-26 10:38:07"
377,218,9,8,"2021-12-26 10:38:07"
378,219,17,6,"2022-01-01 01:40:09"
379,220,16,17,"2022-01-12 09:46:17"
380,220,4,17,"2022-01-12 09:46:17"
381,221,1,14,"2022-01-14 20:47:06"
382,222,7,3,"2022-01-15 17:10:46"
383,223,19,20,"2022-01-30 13:38:35"
384,223,19,5,"2022-01-30 13:38:35"
385,224,10,16,"2022-02-05 18:26:42"
386,224,10,17,"2022-02-05 18:26:42"
387,225,5,3,"2022-02-06 15:56:02"
388,226,1,7,"2022-02-10 17:43:21"
389,226,1,8,"2022-02-10 17:43:21"
390,227,6,17,"2022-02-12 21:23:17"
391,228,5,19,"2022-02-20 21:37:11"
392,228,5,3,"2022-02-20 21:37:11"
393,229,19,11,"2022-02-23 22:20:35"
394,229,6,11,"2022-02-23 22:20:35"
395,230,8,15,"2022-03-01 16:11:52"
396,230,8,10,"2022-03-01 16:11:52"
397,231,10,16,"2022-03-03 13:01:05"
398,231,10,3,"2022-03-03 13:01:05"
399,232,10,7,"2022-03-03 15:09:35"
400,232,14,7,"2022-03-03 15:09:35"
401,233,7,12,"2022-03-06 19:41:54"
402,233,7,10,"2022-03-06 19:41:54"
403,234,2,16,"2022-03-10 20:19:23"
404,234,2,14,"2022-03-10 20:19:23"
405,235,8,15,"2022-03-14 02:45:11"
406,236,13,4,"2022-03-20 18:49:48"
407,236,13,14,"2022-03-20 18:49:48"
408,236,6,4,"2022-03-20 18:49:48"
409,236,6,14,"2022-03-20 18:49:48"
410,237,19,10,"2022-04-16 16:13:32"
411,237,7,10,"2022-04-16 16:13:32"
412,238,13,12,"2022-04-16 21:53:02"
413,238,13,18,"2022-04-16 21:53:02"
414,239,20,17,"2022-04-17 13:01:35"
415,240,6,17,"2022-04-18 07:03:24"
416,241,11,12,"2022-04-21 21:26:49"
417,241,11,3,"2022-04-21 21:26:49"
418,242,5,16,"2022-04-30 21:50:56"
419,242,5,18,"2022-04-30 21:50:56"
420,243,7,7,"2022-05-02 02:26:33"
421,243,6,7,"2022-05-02 02:26:33"
422,244,19,4,"2022-05-03 22:34:48"
423,244,13,4,"2022-05-03 22:34:48"
424,245,20,20,"2022-05-08 13:36:39"
425,245,8,20,"2022-05-08 13:36:39"
426,246,14,7,"2022-05-08 14:35:39"
427,246,14,8,"2022-05-08 14:35:39"
428,246,20,7,"2022-05-08 14:35:39"
429,246,20,8,"2022-05-08 14:35:39"
430,247,11,15,"2022-05-16 09:05:12"
431,247,15,15,"2022-05-16 09:05:12"
432,248,12,9,"2022-05-24 04:11:25"
433,248,12,15,"2022-05-24 04:11:25"
434,249,6,5,"2022-05-25 00:36:13"
435,250,6,9,"2022-06-12 03:34:50"
436,250,6,2,"2022-06-12 03:34:50"
437,251,20,18,"2022-06-19 13:17:59"
438,252,15,13,"2022-06-22 01:30:42"
439,253,11,7,"2022-07-02 19:26:08"
440,253,11,4,"2022-07-02 19:26:08"
441,254,10,19,"2022-07-11 10:23:09"
442,254,14,19,"2022-07-11 10:23:09"
443,255,17,6,"2022-07-24 01:53:24"
444,256,17,2,"2022-07-26 12:33:40"
445,257,14,4,"2022-07-27 04:26:56"
446,257,4,4,"2022-07-27 04:26:56"
447,258,17,18,"2022-08-05 03:39:41"
448,258,17,14,"2022-08-05 03:39:41"
449,259,16,9,"2022-08-24 01:20:58"
450,259,16,14,"2022-08-24 01:20:58"
451,260,11,10,"2022-08-26 19:01:32"
452,260,15,10,"2022-08-26 19:01:32"
453,261,10,13,"2022-09-01 21:52:56"
454,261,10,20,"2022-09-01 21:52:56"
455,262,18,18,"2022-09-03 12:55:47"
456,262,19,18,"2022-09-03 12:55:47"
457,263,18,2,"2022-09-08 18:46:53"
458,263,18,16,"2022-09-08 18:46:53"
459,264,6,5,"2022-09-20 16:09:55"
460,265,16,1,"2022-09-27 14:26:01"
461,266,13,15,"2022-09-29 10:16:24"
462,266,13,8,"2022-09-29 10:16:24"
463,267,13,1,"2022-10-02 18:42:39"
464,268,1,16,"2022-10-04 00:49:09"
465,269,16,18,"2022-10-06 14:02:55"
466,270,16,4,"2022-10-07 08:33:21"
467,271,10,2,"2022-10-21 02:32:42"
468,271,20,2,"2022-10-21 02:32:42"
469,272,19,6,"2022-10-21 04:22:48"
470,273,10,9,"2022-10-25 12:12:54"
471,274,13,12,"2022-11-04 05:13:45"
472,275,6,13,"2022-11-05 00:34:15"
473,276,20,3,"2022-11-05 00:34:54"
474,277,6,6,"2022-11-08 04:47:15"
475,278,11,19,"2022-11-10 12:56:17"
476,278,11,20,"2022-11-10 12:56:17"
477,279,18,2,"2022-11-10 21:39:08"
478,279,6,2,"2022-11-10 21:39:08"
479,280,16,9,"2022-11-17 09:27:49"
480,280,16,7,"2022-11-17 09:27:49"
481,280,10,9,"2022-11-17 09:27:49"
482,280,10,7,"2022-11-17 09:27:49"
483,281,18,6,"2022-12-06 05:43:19"
484,282,3,15,"2022-12-10 16:07:36"
485,282,3,16,"2022-12-10 16:07:36"
486,283,2,8,"2022-12-19 06:44:21"
487,283,2,10,"2022-12-19 06:44:21"
488,283,8,8,"2022-12-19 06:44:21"
489,283,8,10,"2022-12-19 06:44:21"
490,284,16,19,"2022-12-25 00:47:37"
491,284,16,12,"2022-12-25 00:47:37"
492,285,1,18,"2023-01-11 22:30:32"
493,285,7,18,"2023-01-11 22:30:32"
494,286,11,12,"2023-01-12 15:40:20"
495,287,5,18,"2023-01-14 13:44:14"
496,287,9,18,"2023-01-14 13:44:14"
497,288,12,14,"2023-01-20 02:33:29"
498,288,6,14,"2023-01-20 02:33:29"
499,289,12,15,"2023-01-21 03:58:11"
500,289,13,15,"2023-01-21 03:58:11"
501,290,15,19,"2023-01-23 00:19:30"
502,291,18,8,"2023-01-23 02:47:32"
503,291,19,8,"2023-01-23 02:47:32"
504,292,5,2,"2023-01-27 09:03:29"
505,293,3,7,"2023-01-28 17:28:44"
506,294,8,9,"2023-02-10 18:08:33"
507,294,8,18,"2023-02-10 18:08:33"
508,295,11,18,"2023-02-26 12:40:25"
509,295,11,6,"2023-02-26 12:40:25"
510,295,17,18,"2023-02-26 12:40:25"
511,295,17,6,"2023-02-26 12:40:25"
512,296,15,1,"2023-02-28 18:47:06"
513,297,9,13,"2023-03-28 16:21:09"
514,297,15,13,"2023-03-28 16:21:09"
515,298,17,15,"2023-03-28 19:42:10"
516,299,1,1,"2023-03-28 21:21:48"
517,299,12,1,"2023-03-28 21:21:48"
518,300,19,6,"2023-04-10 17:38:28"
519,301,16,17,"2023-04-15 14:29:22"
520,301,16,8,"2023-04-15 14:29:22"
521,302,17,6,"2023-04-15 15:54:57"
522,303,9,20,"2023-04-23 20:49:55"
523,303,9,5,"2023-04-23 20:49:55"
524,303,3,20,"2023-04-23 20:49:55"
525,303,3,5,"2023-04-23 20:49:55"
526,304,17,6,"2023-04-28 03:10:22"
527,304,15,6,"2023-04-28 03:10:22"
528,305,2,1,"2023-05-03 17:08:51"
529,306,16,4,"2023-05-15 23:55:42"
530,306,14,4,"2023-05-15 23:55:42"
531,307,1,12,"2023-05-31 19:27:22"
532,307,1,13,"2023-05-31 19:27:22"
533,308,12,11,"2023-06-01 12:42:10"
534,308,19,11,"2023-06-01 12:42:10"
535,309,14,3,"2023-06-07 14:05:28"
536,310,18,6,"2023-06-12 02:40:26"
537,310,7,6,"2023-06-12 02:40:26"
538,311,2,12,"2023-06-13 02:14:03"
539,311,2,14,"2023-06-13 02:14:03"
540,312,15,13,"2023-06-14 23:52:19"
541,313,18,13,"2023-06-27 22:54:51"
542,313,7,13,"2023-06-27 22:54:51"
543,314,19,9,"2023-07-01 22:23:47"
544,315,20,1,"2023-07-02 14:18:15"
545,316,3,16,"2023-07-03 16:28:51"
546,317,17,16,"2023-07-05 07:08:09"
547,317,17,5,"2023-07-05 07:08:09"
548,318,19,3,"2023-07-18 14:18:31"
549,319,2,16,"2023-07-20 03:28:47"
550,319,2,1,"2023-07-20 03:28:47"
551,320,16,16,"2023-07-24 14:13:37"
552,320,16,4,"2023-07-24 14:13:37"
553,320,14,16,"2023-07-24 14:13:37"
554,320,14,4,"2023-07-24 14:13:37"
555,321,1,19,"2023-07-24 17:25:47"
556,322,5,3,"2023-07-25 11:29:10"
557,322,17,3,"2023-07-25 11:29:10"
558,323,3,4,"2023-07-28 02:50:12"
559,324,17,7,"2023-08-07 23:03:45"
560,325,9,14,"2023-08-09 11:48:58"
561,325,17,14,"2023-08-09 11:48:58"
562,326,2,9,"2023-08-19 19:02:34"
563,326,2,19,"2023-08-19 19:02:34"
564,326,8,9,"2023-08-19 19:02:34"
565,326,8,19,"2023-08-19 19:02:34"
566,327,17,9,"2023-08-25 09:12:30"
567,327,17,8,"2023-08-25 09:12:30"
568,328,14,8,"2023-09-03 13:59:30"
569,328,20,8,"2023-09-03 13:59:30"
570,329,17,5,"2023-09-04 01:00:51"
571,329,15,5,"2023-09-04 01:00:51"
572,330,9,11,"2023-09-21 11:36:06"
573,331,4,19,"2023-09-24 00:42:50"
574,332,18,2,"2023-09-25 17:18:02"
575,333,9,11,"2023-10-07 11:43:46"
576,333,15,11,"2023-10-07 11:43:46"
577,334,1,16,"2023-10-08 08:32:29"
578,334,7,16,"2023-10-08 08:32:29"
579,335,5,19,"2023-10-10 21:54:27"
580,336,12,5,"2023-10-11 02:57:21"
581,336,12,3,"2023-10-11 02:57:21"
582,337,17,3,"2023-10-12 03:44:17"
583,338,5,10,"2023-10-18 07:54:10"
584,339,1,12,"2023-10-25 01:52:46"
585,339,1,11,"2023-10-25 01:52:46"
586,339,18,12,"2023-10-25 01:52:46"
587,339,18,11,"2023-10-25 01:52:46"
588,340,11,12,"2023-10-27 01:51:32"
589,340,11,11,"2023-10-27 01:51:32"
590,341,16,12,"2023-11-16 20:27:14"
591,342,15,14,"2023-11-16 21:35:32"
592,343,8,10,"2023-12-01 04:57:44"
593,344,18,19,"2023-12-07 15:16:06"
594,344,12,19,"2023-12-07 15:16:06"
595,345,11,4,"2023-12-10 23:53:17"
596,346,13,19,"2023-12-23 02:05:54"
